postcode_sector,Numpeople_2011_Total,Numpeople_2011_Wales,County1,County2,County3,CountyCe1,CountyCe2,CountyCe3
CF10 1,869,869,Cardiff,,,South Glamorgan,,
CF10 2,1348,1346,Cardiff,,,South Glamorgan,,
CF10 3,2095,2092,Cardiff,,,South Glamorgan,,
CF10 4,5227,5227,Cardiff,,,South Glamorgan,,
CF10 5,5926,5918,Cardiff,,,South Glamorgan,,
CF11 0,2223,2223,Cardiff,,,South Glamorgan,,
CF11 1,,,Cardiff,,,South Glamorgan,,
CF11 6,12284,12284,Cardiff,,,South Glamorgan,,
CF11 7,9790,9790,Cardiff,Vale of Glamorgan,,South Glamorgan,,
CF11 8,4070,4070,Cardiff,Vale of Glamorgan,,South Glamorgan,,
CF11 9,7780,7780,Cardiff,,,South Glamorgan,,
CF14 0,5623,5623,Cardiff,Caerphilly,,South Glamorgan,Gwent,
CF14 1,9647,9647,Cardiff,,,South Glamorgan,,
CF14 2,10714,10714,Cardiff,,,South Glamorgan,,
CF14 3,11561,11561,Cardiff,,,South Glamorgan,,
CF14 4,9903,9901,Cardiff,,,South Glamorgan,,
CF14 5,8830,8830,Cardiff,,,South Glamorgan,,
CF14 6,9369,9369,Cardiff,,,South Glamorgan,,
CF14 7,4811,4810,Cardiff,,,South Glamorgan,,
CF14 8,,,Cardiff,,,South Glamorgan,,
CF14 9,7308,7308,Cardiff,,,South Glamorgan,,
CF15 5,,,Cardiff,,,South Glamorgan,,
CF15 7,5585,5585,Cardiff,Rhondda Cynon Taf,Caerphilly,South Glamorgan,Mid Glamorgan,
CF15 8,6424,6424,Cardiff,,,South Glamorgan,,
CF15 9,5978,5978,Cardiff,Rhondda Cynon Taf,,South Glamorgan,Mid Glamorgan,
CF23 0,,,Cardiff,,,South Glamorgan,,
CF23 5,10390,10390,Cardiff,,,South Glamorgan,,
CF23 6,10511,10511,Cardiff,,,South Glamorgan,,
CF23 7,8101,8101,Cardiff,,,South Glamorgan,,
CF23 8,7273,7273,Cardiff,,,South Glamorgan,,
CF23 9,10713,10708,Cardiff,,,South Glamorgan,,
CF24 0,4098,4095,Cardiff,,,South Glamorgan,,
CF24 1,5726,5726,Cardiff,,,South Glamorgan,,
CF24 2,12771,12771,Cardiff,,,South Glamorgan,,
CF24 3,11927,11926,Cardiff,,,South Glamorgan,,
CF24 4,19978,19969,Cardiff,,,South Glamorgan,,
CF24 5,663,661,Cardiff,,,South Glamorgan,,
CF3 0,12118,12116,Cardiff,,,South Glamorgan,,
CF3 1,4363,4363,Cardiff,,,South Glamorgan,,
CF3 2,3615,3615,Cardiff,Newport,,South Glamorgan,Gwent,
CF3 3,7152,7126,Cardiff,,,South Glamorgan,,
CF3 4,5639,5537,Cardiff,,,South Glamorgan,,
CF3 5,8374,8374,Cardiff,,,South Glamorgan,,
CF3 6,867,867,Cardiff,Caerphilly,Newport,South Glamorgan,Gwent,
CF30 0,,,Cardiff,,,South Glamorgan,,
CF31 1,9151,9151,Bridgend,,,Mid Glamorgan,,
CF31 2,11672,11672,Bridgend,,,Mid Glamorgan,,
CF31 3,4407,4407,Bridgend,,,Mid Glamorgan,,
CF31 4,13623,13581,Bridgend,,,Mid Glamorgan,,
CF31 5,5976,5976,Bridgend,,,Mid Glamorgan,,
CF31 9,,,Bridgend,,,Mid Glamorgan,,
CF32 0,5069,5069,Bridgend,Vale of Glamorgan,,Mid Glamorgan,South Glamorgan,
CF32 7,6193,6193,Bridgend,,,Mid Glamorgan,,
CF32 8,7873,7841,Bridgend,,,Mid Glamorgan,,
CF32 9,10796,10794,Bridgend,,,Mid Glamorgan,,
CF33 4,7087,7087,Bridgend,,,Mid Glamorgan,,
CF33 6,7558,7558,Bridgend,Neath Port Talbot,,Mid Glamorgan,West Glamorgan,
CF34 0,10897,10897,Bridgend,,,Mid Glamorgan,,
CF34 4,,,Bridgend,,,Mid Glamorgan,,
CF34 9,9719,9717,Bridgend,,,Mid Glamorgan,,
CF35 5,5601,5601,Bridgend,Vale of Glamorgan,Rhondda Cynon Taf,Mid Glamorgan,South Glamorgan,
CF35 6,10755,10755,Bridgend,Rhondda Cynon Taf,,Mid Glamorgan,,
CF36 3,8980,8980,Bridgend,,,Mid Glamorgan,,
CF36 5,6863,6863,Bridgend,,,Mid Glamorgan,,
CF36 9,,,Bridgend,,,Mid Glamorgan,,
CF37 1,10100,10100,Rhondda Cynon Taf,,,Mid Glamorgan,,
CF37 2,5561,5561,Rhondda Cynon Taf,,,Mid Glamorgan,,
CF37 3,7554,7554,Rhondda Cynon Taf,,,Mid Glamorgan,,
CF37 4,6945,6945,Rhondda Cynon Taf,Caerphilly,,Mid Glamorgan,Gwent,
CF37 5,8169,8149,Rhondda Cynon Taf,,,Mid Glamorgan,,
CF37 9,,,Rhondda Cynon Taf,,,Mid Glamorgan,,
CF38 1,9835,9835,Rhondda Cynon Taf,,,Mid Glamorgan,,
CF38 2,13253,13253,Rhondda Cynon Taf,,,Mid Glamorgan,,
CF39 0,5350,5350,Rhondda Cynon Taf,,,Mid Glamorgan,,
CF39 8,15134,15134,Rhondda Cynon Taf,Bridgend,,Mid Glamorgan,,
CF39 9,8384,8356,Rhondda Cynon Taf,,,Mid Glamorgan,,
CF40 1,9341,9340,Rhondda Cynon Taf,,,Mid Glamorgan,,
CF40 2,11200,11200,Rhondda Cynon Taf,,,Mid Glamorgan,,
CF40 9,,,Rhondda Cynon Taf,,,Mid Glamorgan,,
CF41 7,10724,10724,Rhondda Cynon Taf,,,Mid Glamorgan,,
CF42 5,6037,6037,Rhondda Cynon Taf,,,Mid Glamorgan,,
CF42 6,7386,7386,Rhondda Cynon Taf,,,Mid Glamorgan,,
CF42 9,,,Rhondda Cynon Taf,,,Mid Glamorgan,,
CF43 3,4546,4546,Rhondda Cynon Taf,,,Mid Glamorgan,,
CF43 4,7338,7338,Rhondda Cynon Taf,,,Mid Glamorgan,,
CF43 9,,,Rhondda Cynon Taf,,,Mid Glamorgan,,
CF44 0,7691,7691,Rhondda Cynon Taf,Merthyr Tydfil,,Mid Glamorgan,,
CF44 4,,,Rhondda Cynon Taf,,,Mid Glamorgan,,
CF44 6,9948,9948,Rhondda Cynon Taf,,,Mid Glamorgan,,
CF44 7,3745,3745,Rhondda Cynon Taf,,,Mid Glamorgan,,
CF44 8,8825,8823,Rhondda Cynon Taf,,,Mid Glamorgan,,
CF44 9,8978,8976,Rhondda Cynon Taf,Powys,Neath Port Talbot,Mid Glamorgan,Powys,West Glamorgan
CF45 3,10254,10252,Rhondda Cynon Taf,,,Mid Glamorgan,,
CF45 4,9296,9296,Rhondda Cynon Taf,,,Mid Glamorgan,,
CF46 5,6367,6367,Merthyr Tydfil,,,Mid Glamorgan,,
CF46 6,7924,7924,Merthyr Tydfil,Caerphilly,,Mid Glamorgan,Gwent,
CF47 0,7531,7509,Merthyr Tydfil,,,Mid Glamorgan,,
CF47 7,,,Merthyr Tydfil,,,Mid Glamorgan,,
CF47 8,3703,3703,Merthyr Tydfil,,,Mid Glamorgan,,
CF47 9,10740,10740,Merthyr Tydfil,,,Mid Glamorgan,,
CF48 1,8659,8659,Merthyr Tydfil,,,Mid Glamorgan,,
CF48 2,6236,6236,Merthyr Tydfil,Rhondda Cynon Taf,Powys,Mid Glamorgan,Powys,
CF48 3,4291,4291,Merthyr Tydfil,,,Mid Glamorgan,,
CF48 4,7991,7812,Merthyr Tydfil,Caerphilly,,Mid Glamorgan,Gwent,
CF5 1,11599,11599,Cardiff,,,South Glamorgan,,
CF5 2,9802,9802,Cardiff,,,South Glamorgan,,
CF5 3,11863,11863,Cardiff,,,South Glamorgan,,
CF5 4,16074,16074,Cardiff,,,South Glamorgan,,
CF5 5,11825,11804,Cardiff,Vale of Glamorgan,,South Glamorgan,,
CF5 6,4858,4858,Cardiff,Vale of Glamorgan,,South Glamorgan,,
CF5 9,,,Cardiff,,,South Glamorgan,,
CF61 1,5017,5016,Vale of Glamorgan,,,South Glamorgan,,
CF61 2,4755,4755,Vale of Glamorgan,,,South Glamorgan,,
CF62 3,6790,6790,Vale of Glamorgan,,,South Glamorgan,,
CF62 4,5287,5287,Vale of Glamorgan,,,South Glamorgan,,
CF62 5,2862,2862,Vale of Glamorgan,,,South Glamorgan,,
CF62 6,5852,5852,Vale of Glamorgan,,,South Glamorgan,,
CF62 7,6710,6710,Vale of Glamorgan,,,South Glamorgan,,
CF62 8,7387,7387,Vale of Glamorgan,,,South Glamorgan,,
CF62 9,6831,6831,Vale of Glamorgan,,,South Glamorgan,,
CF63 1,8913,8913,Vale of Glamorgan,,,South Glamorgan,,
CF63 2,5504,5504,Vale of Glamorgan,,,South Glamorgan,,
CF63 3,1490,1490,Vale of Glamorgan,,,South Glamorgan,,
CF63 4,5827,5826,Vale of Glamorgan,,,South Glamorgan,,
CF63 9,,,Vale of Glamorgan,,,South Glamorgan,,
CF64 1,5646,5645,Vale of Glamorgan,,,South Glamorgan,,
CF64 2,8558,8558,Vale of Glamorgan,,,South Glamorgan,,
CF64 3,8455,8455,Vale of Glamorgan,,,South Glamorgan,,
CF64 4,7591,7591,Vale of Glamorgan,,,South Glamorgan,,
CF64 5,6098,6098,Vale of Glamorgan,,,South Glamorgan,,
CF64 9,,,Vale of Glamorgan,,,South Glamorgan,,
CF71 7,8906,8906,Vale of Glamorgan,,,South Glamorgan,,
CF71 9,,,Vale of Glamorgan,,,South Glamorgan,,
CF72 0,,,Rhondda Cynon Taf,,,Mid Glamorgan,,
CF72 4,,,Rhondda Cynon Taf,,,Mid Glamorgan,,
CF72 8,11187,11187,Rhondda Cynon Taf,Cardiff,Vale of Glamorgan,Mid Glamorgan,South Glamorgan,
CF72 9,14923,14923,Rhondda Cynon Taf,Vale of Glamorgan,Bridgend,Mid Glamorgan,South Glamorgan,
CF81 8,8182,8182,Caerphilly,,,Gwent,,
CF81 9,8147,8147,Caerphilly,,,Gwent,,
CF82 6,772,772,Caerphilly,,,Gwent,,
CF82 7,12978,12978,Caerphilly,,,Gwent,,
CF82 8,6412,6412,Caerphilly,,,Gwent,,
CF82 9,,,Caerphilly,,,Gwent,,
CF83 1,12625,12624,Caerphilly,Cardiff,Rhondda Cynon Taf,Gwent,Mid Glamorgan,South Glamorgan
CF83 2,12488,12488,Caerphilly,,,Gwent,,
CF83 3,12451,12451,Caerphilly,,,Gwent,,
CF83 4,6795,6795,Caerphilly,,,Gwent,,
CF83 8,10945,10945,Caerphilly,,,Gwent,,
CF83 9,,,Caerphilly,,,Gwent,,
CF91 1,,,Cardiff,,,South Glamorgan,,
CF91 5,,,Cardiff,,,South Glamorgan,,
CF95 1,,,Cardiff,,,South Glamorgan,,
CF99 1,,,Cardiff,,,South Glamorgan,,
CH1 4,6949,,Flintshire,,,Clwyd,,
CH1 6,4891,340,Flintshire,,,Clwyd,,
CH4 0,10544,10544,Flintshire,,,Clwyd,,
CH4 8,11305,3874,Flintshire,,,Clwyd,,
CH4 9,3501,1698,Flintshire,,,Clwyd,,
CH5 1,8432,8432,Flintshire,,,Clwyd,,
CH5 2,7249,7249,Flintshire,,,Clwyd,,
CH5 3,10083,10076,Flintshire,,,Clwyd,,
CH5 4,16675,16675,Flintshire,,,Clwyd,,
CH5 9,,,Flintshire,,,Clwyd,,
CH6 5,13187,12803,Flintshire,,,Clwyd,,
CH6 6,3883,3883,Flintshire,,,Clwyd,,
CH6 9,,,Flintshire,,,Clwyd,,
CH7 1,9840,9834,Flintshire,,,Clwyd,,
CH7 2,9208,9208,Flintshire,,,Clwyd,,
CH7 3,6388,6388,Flintshire,,,Clwyd,,
CH7 4,6342,6337,Flintshire,Denbighshire,,Clwyd,,
CH7 5,6910,6910,Flintshire,Denbighshire,,Clwyd,,
CH7 6,11576,11576,Flintshire,,,Clwyd,,
CH7 9,,,Flintshire,,,Clwyd,,
CH8 7,9053,9053,Flintshire,,,Clwyd,,
CH8 8,6023,6023,Flintshire,Denbighshire,,Clwyd,,
CH8 9,5417,5417,Flintshire,,,Clwyd,,
GL16 8,6184,11,Monmouthshire,,,Gwent,,
HR3 5,4374,3494,Powys,,,Powys,,
HR3 6,3141,163,Powys,,,Powys,,
HR5 3,4823,440,Powys,,,Powys,,
LD1 5,5832,5832,Powys,,,Powys,,
LD1 6,5326,5326,Powys,,,Powys,,
LD1 9,,,Powys,,,Powys,,
LD2 3,5645,5645,Powys,,,Powys,,
LD2 9,,,Powys,,,Powys,,
LD3 0,4465,4465,Powys,,,Powys,,
LD3 3,,,Powys,,,Powys,,
LD3 7,5451,5450,Powys,,,Powys,,
LD3 8,4391,4390,Powys,,,Powys,,
LD3 9,5194,5194,Powys,,,Powys,,
LD4 4,817,817,Powys,,,Powys,,
LD5 4,1105,1103,Powys,,,Powys,,
LD6 5,2857,2857,Powys,,,Powys,,
LD7 1,4738,4327,Powys,,,Powys,,
LD7 9,,,Powys,,,Powys,,
LD8 2,4404,3946,Powys,,,Powys,,
LL11 0,,,Wrexham,,,Clwyd,,
LL11 1,505,505,Wrexham,,,Clwyd,,
LL11 2,7548,7548,Wrexham,,,Clwyd,,
LL11 3,6921,6921,Wrexham,Denbighshire,,Clwyd,,
LL11 4,9391,9391,Wrexham,,,Clwyd,,
LL11 5,6927,6927,Wrexham,Flintshire,,Clwyd,,
LL11 6,6738,6736,Wrexham,,,Clwyd,,
LL12 0,7880,7812,Wrexham,,,Clwyd,,
LL12 7,7402,7402,Wrexham,,,Clwyd,,
LL12 8,7857,7856,Wrexham,,,Clwyd,,
LL12 9,5207,5205,Wrexham,Flintshire,,Clwyd,,
LL13 0,7946,7946,Wrexham,,,Clwyd,,
LL13 7,8114,8114,Wrexham,,,Clwyd,,
LL13 8,8276,8276,Wrexham,,,Clwyd,,
LL13 9,10552,10552,Wrexham,,,Clwyd,,
LL14 1,5096,5093,Wrexham,,,Clwyd,,
LL14 2,8230,8230,Wrexham,,,Clwyd,,
LL14 3,7065,7053,Wrexham,,,Clwyd,,
LL14 4,3908,3908,Wrexham,,,Clwyd,,
LL14 5,5064,4460,Wrexham,,,Clwyd,,
LL14 6,4254,4254,Wrexham,,,Clwyd,,
LL15 1,6793,6792,Denbighshire,,,Clwyd,,
LL15 2,3523,3523,Denbighshire,,,Clwyd,,
LL15 9,,,Denbighshire,,,Clwyd,,
LL16 3,6755,6721,Denbighshire,,,Clwyd,,
LL16 4,5072,5072,Denbighshire,,,Clwyd,,
LL16 5,4047,4047,Denbighshire,Conwy,,Clwyd,,
LL16 9,,,Denbighshire,,,Clwyd,,
LL17 0,5410,5410,Denbighshire,Conwy,,Clwyd,,
LL18 1,3936,3931,Denbighshire,,,Clwyd,,
LL18 2,7916,7916,Denbighshire,,,Clwyd,,
LL18 3,4687,4687,Denbighshire,,,Clwyd,,
LL18 4,10741,10741,Denbighshire,,,Clwyd,,
LL18 5,9761,9761,Denbighshire,Conwy,,Clwyd,,
LL18 6,3428,3428,Denbighshire,Flintshire,,Clwyd,,
LL18 9,,,Denbighshire,,,Clwyd,,
LL19 0,,,Denbighshire,,,Clwyd,,
LL19 7,7109,7109,Denbighshire,,,Clwyd,,
LL19 8,7336,7326,Denbighshire,,,Clwyd,,
LL19 9,5484,5484,Denbighshire,Flintshire,,Clwyd,,
LL20 7,4683,4683,Denbighshire,Wrexham,,Clwyd,,
LL20 8,3444,3444,Denbighshire,,,Clwyd,,
LL20 9,,,Denbighshire,,,Clwyd,,
LL21 0,2840,2840,Denbighshire,Gwynedd,Conwy,Clwyd,Gwynedd,
LL21 1,,,Denbighshire,,,Clwyd,,
LL21 9,3602,3602,Denbighshire,Conwy,,Clwyd,,
LL22 7,7887,7887,Conwy,,,Clwyd,,
LL22 8,5639,5639,Conwy,,,Clwyd,,
LL22 9,4364,4364,Conwy,Denbighshire,,Clwyd,,
LL23 7,4136,4136,Gwynedd,,,Gwynedd,,
LL24 0,2056,2052,Conwy,,,Clwyd,,
LL25 0,501,501,Conwy,,,Clwyd,,
LL26 0,4528,4450,Conwy,,,Clwyd,,
LL26 9,,,Conwy,,,Clwyd,,
LL27 0,757,757,Conwy,,,Clwyd,,
LL28 4,8310,8310,Conwy,,,Clwyd,,
LL28 5,5835,5835,Conwy,,,Clwyd,,
LL29 0,,,Conwy,,,Clwyd,,
LL29 6,2166,2166,Conwy,,,Clwyd,,
LL29 7,4634,4634,Conwy,,,Clwyd,,
LL29 8,6613,6613,Conwy,,,Clwyd,,
LL29 9,7020,7020,Conwy,,,Clwyd,,
LL30 1,9803,9803,Conwy,,,Clwyd,,
LL30 2,7357,7355,Conwy,,,Clwyd,,
LL30 3,4850,4850,Conwy,,,Clwyd,,
LL30 9,,,Conwy,,,Clwyd,,
LL31 9,9344,9344,Conwy,,,Clwyd,,
LL32 8,6502,6502,Conwy,,,Clwyd,,
LL33 0,3906,3906,Conwy,Gwynedd,,Clwyd,Gwynedd,
LL34 6,4347,4347,Conwy,,,Clwyd,,
LL35 0,865,865,Gwynedd,,,Gwynedd,,
LL36 0,1312,1312,Gwynedd,,,Gwynedd,,
LL36 6,,,Gwynedd,,,Gwynedd,,
LL36 9,3348,3348,Gwynedd,,,Gwynedd,,
LL37 2,554,554,Gwynedd,,,Gwynedd,,
LL38 2,724,724,Gwynedd,,,Gwynedd,,
LL39 1,236,236,Gwynedd,,,Gwynedd,,
LL40 1,2138,2138,Gwynedd,,,Gwynedd,,
LL40 2,2072,2072,Gwynedd,,,Gwynedd,,
LL40 9,,,Gwynedd,,,Gwynedd,,
LL41 3,3076,3075,Gwynedd,,,Gwynedd,,
LL41 4,3396,3396,Gwynedd,,,Gwynedd,,
LL41 9,,,Gwynedd,,,Gwynedd,,
LL42 1,2545,2545,Gwynedd,,,Gwynedd,,
LL43 2,487,487,Gwynedd,,,Gwynedd,,
LL44 2,1028,1028,Gwynedd,,,Gwynedd,,
LL45 2,708,708,Gwynedd,,,Gwynedd,,
LL46 2,1856,1856,Gwynedd,,,Gwynedd,,
LL47 6,537,537,Gwynedd,,,Gwynedd,,
LL48 6,2603,2603,Gwynedd,,,Gwynedd,,
LL49 0,,,Gwynedd,,,Gwynedd,,
LL49 9,4502,4502,Gwynedd,,,Gwynedd,,
LL51 9,888,888,Gwynedd,,,Gwynedd,,
LL52 0,2770,2770,Gwynedd,,,Gwynedd,,
LL53 5,4554,4554,Gwynedd,,,Gwynedd,,
LL53 6,5634,5631,Gwynedd,,,Gwynedd,,
LL53 7,3384,3383,Gwynedd,,,Gwynedd,,
LL53 8,3570,3570,Gwynedd,,,Gwynedd,,
LL53 9,,,Gwynedd,,,Gwynedd,,
LL54 5,3088,3088,Gwynedd,,,Gwynedd,,
LL54 6,4238,4236,Gwynedd,,,Gwynedd,,
LL54 7,4054,4051,Gwynedd,,,Gwynedd,,
LL55 1,5327,5327,Gwynedd,,,Gwynedd,,
LL55 2,6663,6663,Gwynedd,,,Gwynedd,,
LL55 3,3099,3099,Gwynedd,,,Gwynedd,,
LL55 4,6355,6355,Gwynedd,,,Gwynedd,,
LL55 9,,,Gwynedd,,,Gwynedd,,
LL56 4,2299,2299,Gwynedd,,,Gwynedd,,
LL57 1,6022,6022,Gwynedd,,,Gwynedd,,
LL57 2,10018,10017,Gwynedd,,,Gwynedd,,
LL57 3,5617,5613,Gwynedd,,,Gwynedd,,
LL57 4,5931,5927,Gwynedd,,,Gwynedd,,
LL57 9,,,Gwynedd,,,Gwynedd,,
LL58 8,3883,3883,Isle of Anglesey,,,Gwynedd,,
LL59 5,5611,5611,Isle of Anglesey,Gwynedd,,Gwynedd,,
LL60 6,2817,2817,Isle of Anglesey,,,Gwynedd,,
LL61 5,3014,3014,Isle of Anglesey,,,Gwynedd,,
LL61 6,3321,3321,Isle of Anglesey,,,Gwynedd,,
LL62 5,1694,1694,Isle of Anglesey,,,Gwynedd,,
LL63 5,1339,1339,Isle of Anglesey,,,Gwynedd,,
LL64 5,1001,1001,Isle of Anglesey,,,Gwynedd,,
LL65 1,5454,5454,Isle of Anglesey,,,Gwynedd,,
LL65 2,8205,8198,Isle of Anglesey,,,Gwynedd,,
LL65 3,6436,6436,Isle of Anglesey,,,Gwynedd,,
LL65 4,3470,3470,Isle of Anglesey,,,Gwynedd,,
LL66 0,252,252,Isle of Anglesey,,,Gwynedd,,
LL66 9,12,12,Isle of Anglesey,,,Gwynedd,,
LL67 0,1416,1416,Isle of Anglesey,,,Gwynedd,,
LL68 0,1276,1276,Isle of Anglesey,,,Gwynedd,,
LL68 9,4839,4839,Isle of Anglesey,,,Gwynedd,,
LL69 9,735,735,Isle of Anglesey,,,Gwynedd,,
LL70 9,269,269,Isle of Anglesey,,,Gwynedd,,
LL71 7,498,498,Isle of Anglesey,,,Gwynedd,,
LL71 8,1367,1367,Isle of Anglesey,,,Gwynedd,,
LL72 8,820,820,Isle of Anglesey,,,Gwynedd,,
LL73 8,233,233,Isle of Anglesey,,,Gwynedd,,
LL74 8,2389,2389,Isle of Anglesey,,,Gwynedd,,
LL75 7,45,45,Isle of Anglesey,,,Gwynedd,,
LL75 8,1488,1488,Isle of Anglesey,,,Gwynedd,,
LL76 8,280,280,Isle of Anglesey,,,Gwynedd,,
LL77 7,6849,6849,Isle of Anglesey,,,Gwynedd,,
LL77 8,236,236,Isle of Anglesey,,,Gwynedd,,
LL77 9,,,Isle of Anglesey,,,Gwynedd,,
LL78 7,111,111,Isle of Anglesey,,,Gwynedd,,
LL78 8,391,391,Isle of Anglesey,,,Gwynedd,,
NP10 0,1704,1704,Newport,,,Gwent,,
NP10 8,12117,12114,Newport,Caerphilly,,Gwent,,
NP10 9,9603,9595,Newport,Caerphilly,,Gwent,,
NP11 3,4805,4805,Caerphilly,,,Gwent,,
NP11 4,5849,5849,Caerphilly,,,Gwent,,
NP11 5,6407,6407,Caerphilly,Torfaen,Blaenau Gwent,Gwent,,
NP11 6,11141,11141,Caerphilly,,,Gwent,,
NP11 7,9244,9244,Caerphilly,,,Gwent,,
NP11 9,,,Caerphilly,,,Gwent,,
NP12 0,7959,7959,Caerphilly,,,Gwent,,
NP12 1,8346,8346,Caerphilly,,,Gwent,,
NP12 2,9296,9292,Caerphilly,,,Gwent,,
NP12 3,8201,8201,Caerphilly,,,Gwent,,
NP12 4,,,Caerphilly,,,Gwent,,
NP12 9,,,Caerphilly,,,Gwent,,
NP13 1,8790,8790,Blaenau Gwent,,,Gwent,,
NP13 2,6224,6224,Blaenau Gwent,Caerphilly,,Gwent,,
NP13 3,5055,5050,Blaenau Gwent,,,Gwent,,
NP13 9,,,Blaenau Gwent,,,Gwent,,
NP15 1,6027,6027,Monmouthshire,,,Gwent,,
NP15 2,2262,2247,Monmouthshire,,,Gwent,,
NP15 9,,,Monmouthshire,,,Gwent,,
NP16 5,11322,11321,Monmouthshire,,,Gwent,,
NP16 6,6627,6627,Monmouthshire,,,Gwent,,
NP16 7,5853,20,Monmouthshire,,,Gwent,,
NP16 9,,,Monmouthshire,,,Gwent,,
NP18 1,4968,4968,Newport,Monmouthshire,Torfaen,Gwent,,
NP18 2,6424,6424,Newport,,,Gwent,,
NP18 3,5889,5298,Newport,,,Gwent,,
NP19 0,10561,10549,Newport,,,Gwent,,
NP19 1,,,Newport,,,Gwent,,
NP19 4,5228,5201,Newport,,,Gwent,,
NP19 7,12772,12772,Newport,,,Gwent,,
NP19 8,9586,9586,Newport,,,Gwent,,
NP19 9,13509,13461,Newport,,,Gwent,,
NP20 1,684,675,Newport,,,Gwent,,
NP20 2,7620,7569,Newport,,,Gwent,,
NP20 3,10699,10699,Newport,,,Gwent,,
NP20 4,6486,6486,Newport,,,Gwent,,
NP20 5,9495,9495,Newport,,,Gwent,,
NP20 6,8097,8091,Newport,,,Gwent,,
NP20 7,7587,7587,Newport,,,Gwent,,
NP20 9,,,Newport,,,Gwent,,
NP22 3,7610,7610,Blaenau Gwent,Caerphilly,,Gwent,,
NP22 4,7593,7593,Blaenau Gwent,,,Gwent,,
NP22 5,6855,6855,Caerphilly,Caerphilly,,Gwent,,
NP22 9,,,Blaenau Gwent,,,Gwent,,
NP23 4,10042,10042,Blaenau Gwent,,,Gwent,,
NP23 5,10584,10574,Blaenau Gwent,,,Gwent,,
NP23 6,8958,8958,Blaenau Gwent,,,Gwent,,
NP23 7,2735,2716,Blaenau Gwent,,,Gwent,,
NP23 8,1066,1066,Blaenau Gwent,,,Gwent,,
NP23 9,,,Blaenau Gwent,,,Gwent,,
NP24 6,4962,4962,Caerphilly,,,Gwent,,
NP25 3,5117,5020,Monmouthshire,,,Gwent,,
NP25 4,3893,3544,Monmouthshire,,,Gwent,,
NP25 5,6434,6049,Monmouthshire,,,Gwent,,
NP25 9,,,Monmouthshire,,,Gwent,,
NP26 3,9416,9414,Monmouthshire,Newport,,Gwent,,
NP26 4,7649,7622,Monmouthshire,,,Gwent,,
NP26 5,5530,5530,Monmouthshire,,,Gwent,,
NP26 9,,,Monmouthshire,,,Gwent,,
NP4 0,7492,7492,Monmouthshire,Torfaen,,Gwent,,
NP4 4,,,Torfaen,,,Gwent,,
NP4 5,9284,9277,Torfaen,,,Gwent,,
NP4 6,7522,7522,Torfaen,,,Gwent,,
NP4 7,6525,6525,Torfaen,,,Gwent,,
NP4 8,8060,8055,Torfaen,Monmouthshire,,Gwent,,
NP4 9,6082,6050,Torfaen,Monmouthshire,,Gwent,,
NP44 1,7853,7853,Torfaen,,,Gwent,,
NP44 2,5643,5643,Torfaen,Monmouthshire,,Gwent,,
NP44 3,7060,7060,Torfaen,,,Gwent,,
NP44 4,7155,7155,Torfaen,,,Gwent,,
NP44 5,5725,5725,Torfaen,,,Gwent,,
NP44 6,5382,5382,Torfaen,,,Gwent,,
NP44 7,5194,5194,Torfaen,,,Gwent,,
NP44 8,3333,3333,Torfaen,,,Gwent,,
NP44 9,,,Torfaen,,,Gwent,,
NP7 0,3906,3904,Monmouthshire,,,Gwent,,
NP7 1,,,Monmouthshire,,,Gwent,,
NP7 5,4971,4971,Monmouthshire,,,Gwent,,
NP7 6,5640,5635,Monmouthshire,,,Gwent,,
NP7 7,3096,3096,Monmouthshire,Powys,,Gwent,Powys,
NP7 8,3139,3119,Monmouthshire,,,Gwent,,
NP7 9,5281,5281,Monmouthshire,,,Gwent,,
NP8 1,5345,5344,Powys,,,Powys,,
SA1 1,3356,3356,Swansea,,,West Glamorgan,,
SA1 2,5372,5372,Swansea,,,West Glamorgan,,
SA1 3,3986,3986,Swansea,,,West Glamorgan,,
SA1 4,4872,4872,Swansea,,,West Glamorgan,,
SA1 5,824,824,Swansea,,,West Glamorgan,,
SA1 6,15014,15014,Swansea,,,West Glamorgan,,
SA1 7,6609,6609,Swansea,,,West Glamorgan,,
SA1 8,7364,7364,Swansea,Neath Port Talbot,,West Glamorgan,,
SA1 9,,,Swansea,,,West Glamorgan,,
SA10 6,9545,9545,Neath Port Talbot,,,West Glamorgan,,
SA10 7,9969,9969,Neath Port Talbot,,,West Glamorgan,,
SA10 8,6592,6592,Neath Port Talbot,,,West Glamorgan,,
SA10 9,3965,3965,Neath Port Talbot,Powys,,West Glamorgan,Powys,
SA11 1,6180,6180,Neath Port Talbot,,,West Glamorgan,,
SA11 2,10006,9962,Neath Port Talbot,,,West Glamorgan,,
SA11 3,11475,11475,Neath Port Talbot,,,West Glamorgan,,
SA11 4,3173,3173,Neath Port Talbot,,,West Glamorgan,,
SA11 5,5790,5790,Neath Port Talbot,Powys,Rhondda Cynon Taf,West Glamorgan,Powys,Mid Glamorgan
SA11 9,,,Neath Port Talbot,,,West Glamorgan,,
SA12 6,10552,10551,Neath Port Talbot,,,West Glamorgan,,
SA12 7,8434,8434,Neath Port Talbot,,,West Glamorgan,,
SA12 8,6937,6937,Neath Port Talbot,,,West Glamorgan,,
SA12 9,6727,6727,Neath Port Talbot,,,West Glamorgan,,
SA13 1,6042,6042,Neath Port Talbot,,,West Glamorgan,,
SA13 2,8193,8193,Neath Port Talbot,,,West Glamorgan,,
SA13 3,5282,5266,Neath Port Talbot,,,West Glamorgan,,
SA13 9,,,Neath Port Talbot,,,West Glamorgan,,
SA14 6,6442,6442,Carmarthenshire,,,Dyfed,,
SA14 7,6221,6221,Carmarthenshire,,,Dyfed,,
SA14 8,12803,12803,Carmarthenshire,,,Dyfed,,
SA14 9,8251,8250,Carmarthenshire,,,Dyfed,,
SA15 1,9706,9702,Carmarthenshire,,,Dyfed,,
SA15 2,8096,8096,Carmarthenshire,,,Dyfed,,
SA15 3,7400,7399,Carmarthenshire,,,Dyfed,,
SA15 4,5179,5179,Carmarthenshire,,,Dyfed,,
SA15 5,6595,6595,Carmarthenshire,,,Dyfed,,
SA15 9,,,Carmarthenshire,,,Dyfed,,
SA16 0,8620,8620,Carmarthenshire,,,Dyfed,,
SA17 4,5828,5828,Carmarthenshire,,,Dyfed,,
SA17 5,3148,3148,Carmarthenshire,,,Dyfed,,
SA18 1,9129,9126,Carmarthenshire,Neath Port Talbot,,Dyfed,West Glamorgan,
SA18 2,9698,9698,Carmarthenshire,Swansea,,Dyfed,West Glamorgan,
SA18 3,10916,10916,Carmarthenshire,,,Dyfed,,
SA18 9,,,Carmarthenshire,,,Dyfed,,
SA19 0,,,Carmarthenshire,,,Dyfed,,
SA19 6,3209,3209,Carmarthenshire,,,Dyfed,,
SA19 7,2903,2901,Carmarthenshire,,,Dyfed,,
SA19 8,1936,1932,Carmarthenshire,,,Dyfed,,
SA19 9,1614,1614,Carmarthenshire,,,Dyfed,,
SA2 0,14012,14008,Swansea,,,West Glamorgan,,
SA2 7,11932,11932,Swansea,,,West Glamorgan,,
SA2 8,6267,6267,Swansea,,,West Glamorgan,,
SA2 9,6335,6335,Swansea,,,West Glamorgan,,
SA20 0,3515,3515,Carmarthenshire,,,Dyfed,,
SA3 1,3158,3158,Swansea,,,West Glamorgan,,
SA3 2,2715,2715,Swansea,,,West Glamorgan,,
SA3 3,3665,3665,Swansea,,,West Glamorgan,,
SA3 4,7694,7694,Swansea,,,West Glamorgan,,
SA3 5,8990,8990,Swansea,,,West Glamorgan,,
SA3 9,,,Swansea,,,West Glamorgan,,
SA31 1,5826,5826,Carmarthenshire,,,Dyfed,,
SA31 2,4191,4191,Carmarthenshire,,,Dyfed,,
SA31 3,7237,7237,Carmarthenshire,,,Dyfed,,
SA31 9,,,Carmarthenshire,,,Dyfed,,
SA32 7,3840,3840,Carmarthenshire,,,Dyfed,,
SA32 8,3700,3700,Carmarthenshire,,,Dyfed,,
SA33 4,5595,5595,Carmarthenshire,,,Dyfed,,
SA33 5,3302,3302,Carmarthenshire,,,Dyfed,,
SA33 6,3710,3708,Carmarthenshire,,,Dyfed,,
SA34 0,5019,5019,Carmarthenshire,Pembrokeshire,,Dyfed,,
SA35 0,794,794,Pembrokeshire,,,Dyfed,,
SA36 0,366,366,Pembrokeshire,,,Dyfed,,
SA37 0,1399,1399,Pembrokeshire,Carmarthenshire,,Dyfed,,
SA38 9,4513,4511,Carmarthenshire,Ceredigion,,Dyfed,,
SA39 9,2610,2610,Carmarthenshire,Ceredigion,,Dyfed,,
SA4 0,3192,3192,Carmarthenshire,,,Dyfed,,
SA4 3,10396,10387,Swansea,,,West Glamorgan,,
SA4 4,11538,11538,Swansea,,,West Glamorgan,,
SA4 5,,,Swansea,,,West Glamorgan,,
SA4 6,7044,7044,Swansea,,,West Glamorgan,,
SA4 8,6610,6610,Swansea,,,West Glamorgan,,
SA4 9,5515,5515,Swansea,,,West Glamorgan,,
SA40 9,3098,3098,Carmarthenshire,Ceredigion,,Dyfed,,
SA41 3,1943,1943,Pembrokeshire,,,Dyfed,,
SA42 0,2248,2248,Pembrokeshire,,,Dyfed,,
SA43 1,4712,4712,Ceredigion,,,Dyfed,,
SA43 2,5507,5507,Ceredigion,Pembrokeshire,,Dyfed,,
SA43 3,2677,2677,Ceredigion,Pembrokeshire,,Dyfed,,
SA44 4,4031,4026,Ceredigion,Carmarthenshire,,Dyfed,,
SA44 5,4733,4733,Ceredigion,Carmarthenshire,,Dyfed,,
SA44 6,2657,2657,Ceredigion,,,Dyfed,,
SA44 9,,,Ceredigion,,,Dyfed,,
SA45 9,1642,1642,Ceredigion,,,Dyfed,,
SA46 0,2666,2664,Ceredigion,,,Dyfed,,
SA47 0,1136,1136,Ceredigion,,,Dyfed,,
SA48 7,4760,4760,Ceredigion,,,Dyfed,,
SA48 8,4465,4465,Ceredigion,Carmarthenshire,,Dyfed,,
SA48 9,,,Ceredigion,,,Dyfed,,
SA5 4,5817,5817,Swansea,,,West Glamorgan,,
SA5 5,7624,7624,Swansea,,,West Glamorgan,,
SA5 7,6462,6462,Swansea,,,West Glamorgan,,
SA5 8,8043,8041,Swansea,,,West Glamorgan,,
SA5 9,8444,8442,Swansea,,,West Glamorgan,,
SA6 5,9029,9029,Swansea,,,West Glamorgan,,
SA6 6,13256,13250,Swansea,,,West Glamorgan,,
SA6 7,6729,6729,Swansea,,,West Glamorgan,,
SA6 8,5003,5003,Swansea,,,West Glamorgan,,
SA61 1,7934,7934,Pembrokeshire,,,Dyfed,,
SA61 2,6553,6551,Pembrokeshire,,,Dyfed,,
SA61 9,,,Pembrokeshire,,,Dyfed,,
SA62 3,5286,5286,Pembrokeshire,,,Dyfed,,
SA62 4,4295,4295,Pembrokeshire,,,Dyfed,,
SA62 5,5547,5547,Pembrokeshire,,,Dyfed,,
SA62 6,5768,5768,Pembrokeshire,,,Dyfed,,
SA63 4,1263,1263,Pembrokeshire,,,Dyfed,,
SA64 0,2379,2379,Pembrokeshire,,,Dyfed,,
SA65 0,,,Pembrokeshire,,,Dyfed,,
SA65 9,4401,4401,Pembrokeshire,,,Dyfed,,
SA66 7,3200,3200,Pembrokeshire,Carmarthenshire,,Dyfed,,
SA67 7,2298,2298,Pembrokeshire,,,Dyfed,,
SA67 8,4640,4636,Pembrokeshire,Carmarthenshire,,Dyfed,,
SA67 9,,,Pembrokeshire,,,Dyfed,,
SA68 0,4179,4179,Pembrokeshire,,,Dyfed,,
SA69 9,3707,3707,Pembrokeshire,,,Dyfed,,
SA7 0,2281,2281,Swansea,,,West Glamorgan,,
SA7 9,12732,12732,Swansea,Neath Port Talbot,,West Glamorgan,,
SA70 7,3407,3407,Pembrokeshire,,,Dyfed,,
SA70 8,6116,6116,Pembrokeshire,,,Dyfed,,
SA70 9,,,Pembrokeshire,,,Dyfed,,
SA71 4,5703,5703,Pembrokeshire,,,Dyfed,,
SA71 5,4639,4639,Pembrokeshire,,,Dyfed,,
SA72 4,787,787,Pembrokeshire,,,Dyfed,,
SA72 6,9722,9722,Pembrokeshire,,,Dyfed,,
SA72 9,,,Pembrokeshire,,,Dyfed,,
SA73 1,8426,8426,Pembrokeshire,,,Dyfed,,
SA73 2,6305,6305,Pembrokeshire,,,Dyfed,,
SA73 3,5633,5633,Pembrokeshire,,,Dyfed,,
SA8 3,4896,4896,Neath Port Talbot,,,West Glamorgan,,
SA8 4,7595,7587,Neath Port Talbot,Swansea,,West Glamorgan,,
SA8 9,,,Neath Port Talbot,,,West Glamorgan,,
SA80 8,,,Swansea,,,West Glamorgan,,
SA9 1,7806,7803,Powys,Neath Port Talbot,,Powys,West Glamorgan,
SA9 2,7262,7262,Neath Port Talbot,Carmarthenshire,Powys,West Glamorgan,Powys,Dyfed
SA9 5,,,Neath Port Talbot,,,West Glamorgan,,
SA99 1,,,Swansea,,,West Glamorgan,,
SY10 0,2240,2240,Powys,,,Powys,,
SY10 7,4820,718,Powys,Wrexham,,Powys,Clwyd,
SY10 9,4806,477,Powys,,,Powys,,
SY13 2,4218,461,Wrexham,,,Clwyd,,
SY13 3,2701,1635,Wrexham,,,Clwyd,,
SY13 4,3001,18,Wrexham,,,Clwyd,,
SY14 7,2661,510,Wrexham,,,Clwyd,,
SY15 6,5408,4637,Powys,,,Powys,,
SY16 1,6605,6605,Powys,,,Powys,,
SY16 2,3782,3782,Powys,,,Powys,,
SY16 3,2967,2967,Powys,,,Powys,,
SY16 4,2667,2667,Powys,,,Powys,,
SY16 9,,,Powys,,,Powys,,
SY17 5,3749,3747,Powys,,,Powys,,
SY18 6,4648,4648,Powys,,,Powys,,
SY18 9,,,Powys,,,Powys,,
SY19 7,1035,1035,Powys,,,Powys,,
SY20 8,4626,4625,Powys,Ceredigion,Gwynedd,Powys,Dyfed,Gwynedd
SY20 9,2291,2288,Powys,Gwynedd,,Powys,Gwynedd,
SY21 0,3241,3241,Powys,,,Powys,,
SY21 7,5897,5897,Powys,,,Powys,,
SY21 8,4695,4388,Powys,,,Powys,,
SY21 9,3303,3303,Powys,,,Powys,,
SY22 5,2066,2066,Powys,,,Powys,,
SY22 6,6788,6245,Powys,,,Powys,,
SY23 1,7200,7176,Ceredigion,,,Dyfed,,
SY23 2,4266,4257,Ceredigion,,,Dyfed,,
SY23 3,10900,10897,Ceredigion,,,Dyfed,,
SY23 4,5515,5515,Ceredigion,Powys,,Dyfed,Powys,
SY23 5,3033,3031,Ceredigion,,,Dyfed,,
SY23 9,,,Ceredigion,,,Dyfed,,
SY24 5,4707,4706,Ceredigion,,,Dyfed,,
SY25 6,4400,4400,Ceredigion,,,Dyfed,,
SY5 0,6007,154,Powys,,,Powys,,
SY5 9,4817,701,Powys,,,Powys,,
SY7 8,3164,6,Powys,,,Powys,,
SY9 5,2821,24,Powys,,,Powys,,